tree_id,member_id_1,member_id_2,married_at,ended_at,status
7010,1098010,1098015,1440-01-01,1474-12-31,ended
7010,1098020,1098025,1442-01-01,1453-12-31,ended
7010,1098027,1098032,1464-01-01,1499-12-31,ended
7010,1098029,1098032,1462-01-01,1484-12-31,ended
7010,1098029,1098034,1462-01-01,1484-12-31,ended
7010,1098037,1098042,1467-01-01,1516-12-31,ended
7010,1098041,1098042,1462-01-01,1522-12-31,ended
7010,1098052,1098053,1486-01-01,1496-12-31,ended
7010,1098052,1098055,1484-01-01,1540-12-31,ended
7010,1098052,1098057,1487-01-01,1521-12-31,ended
7010,1098054,1098055,1482-01-01,1530-12-31,ended
7010,1098054,1098057,1483-01-01,1521-12-31,ended
7010,1098054,1098059,1483-01-01,1530-12-31,ended
7010,1098056,1098057,1484-01-01,1521-12-31,ended
7010,1098056,1098059,1484-01-01,1529-12-31,ended
7010,1098056,1098061,1485-01-01,1529-12-31,ended
7010,1098066,1098067,1487-01-01,1523-12-31,ended
7010,1098066,1098071,1482-01-01,1504-12-31,ended
7010,1098068,1098071,1482-01-01,1504-12-31,ended
7010,1098070,1098071,1486-01-01,1504-12-31,ended
7010,1098072,1098075,1484-01-01,1495-12-31,ended
7010,1098074,1098075,1482-01-01,1521-12-31,ended
7010,1098078,1098079,1486-01-01,1522-12-31,ended
7010,1098080,1098083,1484-01-01,1512-12-31,ended
7010,1098085,1098086,1505-01-01,1547-12-31,ended
7010,1098087,1098088,1508-01-01,1547-12-31,ended
7010,1098089,1098090,1504-01-01,1558-12-31,ended
7010,1098091,1098092,1507-01-01,1530-12-31,ended
7010,1098093,1098094,1505-01-01,1515-12-31,ended
7010,1098095,1098096,1503-01-01,1547-12-31,ended
7010,1098099,1098100,1507-01-01,1544-12-31,ended
7010,1098101,1098102,1504-01-01,1549-12-31,ended
7010,1098103,1098104,1505-01-01,1532-12-31,ended
7010,1098105,1098106,1505-01-01,1552-12-31,ended
7010,1098107,1098108,1503-01-01,1544-12-31,ended
7010,1098109,1098110,1508-01-01,1539-12-31,ended
7010,1098111,1098112,1508-01-01,1512-12-31,ended
7010,1098113,1098114,1505-01-01,1552-12-31,ended
7010,1098115,1098116,1507-01-01,1541-12-31,ended
7010,1098117,1098118,1506-01-01,1544-12-31,ended
7010,1098119,1098120,1509-01-01,1547-12-31,ended
7010,1098121,1098122,1505-01-01,1548-12-31,ended
7010,1098123,1098124,1508-01-01,1524-12-31,ended
7010,1098127,1098128,1528-01-01,1581-12-31,ended
7010,1098129,1098130,1527-01-01,1569-12-31,ended
7010,1098131,1098132,1530-01-01,1552-12-31,ended
7010,1098133,1098134,1527-01-01,1545-12-31,ended
7010,1098135,1098136,1524-01-01,1557-12-31,ended
7010,1098137,1098138,1529-01-01,1562-12-31,ended
7010,1098139,1098140,1524-01-01,1555-12-31,ended
7010,1098141,1098142,1524-01-01,1550-12-31,ended
7010,1098143,1098144,1528-01-01,1539-12-31,ended
7010,1098145,1098146,1528-01-01,1552-12-31,ended
7010,1098147,1098148,1524-01-01,1552-12-31,ended
7010,1098149,1098150,1528-01-01,1545-12-31,ended
7010,1098151,1098152,1524-01-01,1572-12-31,ended
7010,1098153,1098154,1529-01-01,1596-12-31,ended
7010,1098155,1098156,1525-01-01,1559-12-31,ended
7010,1098157,1098158,1527-01-01,1551-12-31,ended
7010,1098159,1098160,1528-01-01,1544-12-31,ended
7010,1098161,1098162,1528-01-01,1551-12-31,ended
7010,1098163,1098164,1526-01-01,1577-12-31,ended
7010,1098165,1098166,1527-01-01,1583-12-31,ended
7010,1098167,1098168,1527-01-01,1560-12-31,ended
7010,1098169,1098170,1528-01-01,1560-12-31,ended
7010,1098171,1098172,1524-01-01,1565-12-31,ended
7010,1098173,1098174,1525-01-01,1568-12-31,ended
7010,1098175,1098176,1524-01-01,1549-12-31,ended
7010,1098177,1098178,1549-01-01,1577-12-31,ended
7010,1098179,1098180,1546-01-01,1613-12-31,ended
7010,1098181,1098182,1548-01-01,1575-12-31,ended
7010,1098183,1098184,1548-01-01,1570-12-31,ended
7010,1098185,1098186,1547-01-01,1598-12-31,ended
7010,1098187,1098188,1545-01-01,1589-12-31,ended
7010,1098189,1098190,1549-01-01,1592-12-31,ended
7010,1098191,1098192,1546-01-01,1564-12-31,ended
7010,1098193,1098194,1551-01-01,1615-12-31,ended
7010,1098195,1098196,1546-01-01,1568-12-31,ended
7010,1098197,1098198,1551-01-01,1564-12-31,ended
7010,1098199,1098200,1546-01-01,1576-12-31,ended
7010,1098201,1098202,1549-01-01,1570-12-31,ended
7010,1098203,1098204,1548-01-01,1618-12-31,ended
7010,1098205,1098206,1550-01-01,1569-12-31,ended
7010,1098207,1098208,1547-01-01,1578-12-31,ended
7010,1098209,1098210,1548-01-01,1572-12-31,ended
7010,1098211,1098212,1546-01-01,1559-12-31,ended
7010,1098213,1098214,1548-01-01,1589-12-31,ended
7010,1098215,1098216,1549-01-01,1549-12-31,ended
7010,1098217,1098218,1550-01-01,1593-12-31,ended
7010,1098219,1098220,1546-01-01,1599-12-31,ended
7010,1098221,1098222,1546-01-01,1603-12-31,ended
7010,1098223,1098224,1545-01-01,1579-12-31,ended
7010,1098225,1098226,1550-01-01,1590-12-31,ended
7010,1098227,1098228,1548-01-01,1589-12-31,ended
7010,1098229,1098230,1547-01-01,1603-12-31,ended
7010,1098231,1098232,1547-01-01,1561-12-31,ended
7010,1098233,1098234,1550-01-01,1584-12-31,ended
7010,1098235,1098236,1572-01-01,1582-12-31,ended
7010,1098237,1098238,1568-01-01,1586-12-31,ended
7010,1098239,1098240,1569-01-01,1618-12-31,ended
7010,1098241,1098242,1566-01-01,1618-12-31,ended
7010,1098243,1098244,1569-01-01,1590-12-31,ended
7010,1098245,1098246,1568-01-01,1613-12-31,ended
7010,1098247,1098248,1566-01-01,1617-12-31,ended
7010,1098249,1098250,1572-01-01,1590-12-31,ended
7010,1098251,1098252,1569-01-01,1618-12-31,ended
7010,1098253,1098254,1569-01-01,1584-12-31,ended
7010,1098255,1098256,1569-01-01,1602-12-31,ended
7010,1098257,1098258,1570-01-01,1626-12-31,ended
7010,1098259,1098260,1572-01-01,1629-12-31,ended
7010,1098261,1098262,1569-01-01,1601-12-31,ended
7010,1098263,1098264,1569-01-01,1639-12-31,ended
7010,1098265,1098266,1566-01-01,1603-12-31,ended
7010,1098267,1098268,1568-01-01,1606-12-31,ended
7010,1098269,1098270,1567-01-01,1589-12-31,ended
7010,1098271,1098272,1571-01-01,1610-12-31,ended
7010,1098273,1098274,1566-01-01,1591-12-31,ended
7010,1098275,1098276,1569-01-01,1621-12-31,ended
7010,1098277,1098278,1571-01-01,1618-12-31,ended
7010,1098279,1098280,1566-01-01,1605-12-31,ended
7010,1098281,1098282,1571-01-01,1603-12-31,ended
7010,1098283,1098284,1572-01-01,1597-12-31,ended
7010,1098285,1098286,1571-01-01,1628-12-31,ended
7010,1098287,1098288,1568-01-01,1591-12-31,ended
7010,1098289,1098290,1570-01-01,1627-12-31,ended
7010,1098291,1098292,1572-01-01,1582-12-31,ended
7010,1098293,1098294,1569-01-01,1616-12-31,ended
7010,1098295,1098296,1570-01-01,1589-12-31,ended
7010,1098297,1098298,1567-01-01,1622-12-31,ended
7010,1098299,1098300,1566-01-01,1600-12-31,ended
7010,1098301,1098302,1592-01-01,1614-12-31,ended
7010,1098303,1098304,1590-01-01,1606-12-31,ended
7010,1098305,1098306,1589-01-01,1647-12-31,ended
7010,1098307,1098308,1591-01-01,1618-12-31,ended
7010,1098309,1098310,1588-01-01,1637-12-31,ended
7010,1098311,1098312,1589-01-01,1632-12-31,ended
7010,1098313,1098314,1593-01-01,1597-12-31,ended
7010,1098315,1098316,1593-01-01,1626-12-31,ended
7010,1098317,1098318,1588-01-01,1609-12-31,ended
7010,1098319,1098320,1592-01-01,1645-12-31,ended
7010,1098321,1098322,1590-01-01,1630-12-31,ended
7010,1098323,1098324,1589-01-01,1620-12-31,ended
7010,1098325,1098326,1590-01-01,1630-12-31,ended
7010,1098327,1098328,1589-01-01,1628-12-31,ended
7010,1098329,1098330,1588-01-01,1618-12-31,ended
7010,1098331,1098332,1588-01-01,1616-12-31,ended
7010,1098333,1098334,1589-01-01,1621-12-31,ended
7010,1098335,1098336,1592-01-01,1635-12-31,ended
7010,1098337,1098338,1588-01-01,1644-12-31,ended
7010,1098339,1098340,1593-01-01,1637-12-31,ended
7010,1098341,1098342,1587-01-01,1644-12-31,ended
7010,1098343,1098344,1590-01-01,1614-12-31,ended
7010,1098345,1098346,1587-01-01,1641-12-31,ended
7010,1098347,1098348,1588-01-01,1604-12-31,ended
7010,1098349,1098350,1589-01-01,1595-12-31,ended
7010,1098351,1098352,1588-01-01,1644-12-31,ended
7010,1098353,1098354,1593-01-01,1660-12-31,ended
7010,1098355,1098356,1587-01-01,1632-12-31,ended
7010,1098357,1098358,1588-01-01,1619-12-31,ended
7010,1098359,1098360,1588-01-01,1640-12-31,ended
7010,1098361,1098362,1589-01-01,1641-12-31,ended
7010,1098363,1098364,1591-01-01,1625-12-31,ended
7010,1098365,1098366,1592-01-01,1656-12-31,ended
7010,1098367,1098368,1588-01-01,1627-12-31,ended
7010,1098369,1098370,1587-01-01,1613-12-31,ended
7010,1098371,1098372,1589-01-01,1647-12-31,ended
7010,1098373,1098374,1591-01-01,1606-12-31,ended
7010,1098375,1098376,1608-01-01,1621-12-31,ended
7010,1098375,1098378,1614-01-01,1621-12-31,ended
7010,1098375,1098380,1611-01-01,1621-12-31,ended
7010,1098376,1098455,1611-01-01,1629-12-31,ended
7010,1098376,1098457,1610-01-01,1658-12-31,ended
7010,1098377,1098378,1608-01-01,1633-12-31,ended
7010,1098377,1098380,1611-01-01,1654-12-31,ended
7010,1098377,1098382,1609-01-01,1653-12-31,ended
7010,1098378,1098457,1610-01-01,1633-12-31,ended
7010,1098379,1098380,1609-01-01,1640-12-31,ended
7010,1098379,1098382,1614-01-01,1640-12-31,ended
7010,1098379,1098384,1609-01-01,1640-12-31,ended
7010,1098381,1098382,1613-01-01,1618-12-31,ended
7010,1098381,1098384,1611-01-01,1618-12-31,ended
7010,1098381,1098386,1611-01-01,1618-12-31,ended
7010,1098383,1098384,1608-01-01,1644-12-31,ended
7010,1098383,1098386,1608-01-01,1646-12-31,ended
7010,1098383,1098388,1609-01-01,1642-12-31,ended
7010,1098385,1098386,1613-01-01,1657-12-31,ended
7010,1098385,1098388,1608-01-01,1642-12-31,ended
7010,1098385,1098390,1608-01-01,1675-12-31,ended
7010,1098387,1098388,1609-01-01,1642-12-31,ended
7010,1098387,1098390,1610-01-01,1677-12-31,ended
7010,1098387,1098392,1611-01-01,1646-12-31,ended
7010,1098389,1098390,1612-01-01,1651-12-31,ended
7010,1098389,1098392,1613-01-01,1646-12-31,ended
7010,1098391,1098392,1609-01-01,1646-12-31,ended
7010,1098391,1098394,1610-01-01,1648-12-31,ended
7010,1098393,1098394,1611-01-01,1648-12-31,ended
7010,1098393,1098396,1613-01-01,1629-12-31,ended
7010,1098395,1098396,1610-01-01,1629-12-31,ended
7010,1098395,1098398,1609-01-01,1648-12-31,ended
7010,1098397,1098398,1609-01-01,1648-12-31,ended
7010,1098397,1098400,1613-01-01,1652-12-31,ended
7010,1098399,1098400,1612-01-01,1630-12-31,ended
7010,1098399,1098402,1610-01-01,1630-12-31,ended
7010,1098401,1098402,1611-01-01,1649-12-31,ended
7010,1098401,1098404,1608-01-01,1649-12-31,ended
7010,1098403,1098404,1614-01-01,1675-12-31,ended
7010,1098403,1098406,1611-01-01,1674-12-31,ended
7010,1098405,1098406,1608-01-01,1662-12-31,ended
7010,1098405,1098408,1613-01-01,1662-12-31,ended
7010,1098407,1098408,1609-01-01,1650-12-31,ended
7010,1098407,1098410,1612-01-01,1650-12-31,ended
7010,1098409,1098410,1612-01-01,1641-12-31,ended
7010,1098409,1098412,1609-01-01,1641-12-31,ended
7010,1098411,1098412,1608-01-01,1629-12-31,ended
7010,1098411,1098414,1611-01-01,1629-12-31,ended
7010,1098413,1098414,1609-01-01,1662-12-31,ended
7010,1098413,1098416,1609-01-01,1658-12-31,ended
7010,1098415,1098416,1611-01-01,1652-12-31,ended
7010,1098415,1098418,1613-01-01,1652-12-31,ended
7010,1098417,1098418,1608-01-01,1655-12-31,ended
7010,1098417,1098420,1612-01-01,1646-12-31,ended
7010,1098419,1098420,1612-01-01,1646-12-31,ended
7010,1098419,1098422,1609-01-01,1647-12-31,ended
7010,1098421,1098422,1613-01-01,1615-12-31,ended
7010,1098421,1098424,1609-01-01,1615-12-31,ended
7010,1098423,1098424,1613-01-01,1625-12-31,ended
7010,1098423,1098426,1610-01-01,1636-12-31,ended
7010,1098425,1098426,1608-01-01,1650-12-31,ended
7010,1098425,1098428,1610-01-01,1645-12-31,ended
7010,1098427,1098428,1611-01-01,1645-12-31,ended
7010,1098427,1098430,1610-01-01,1639-12-31,ended
7010,1098429,1098430,1609-01-01,1639-12-31,ended
7010,1098429,1098432,1610-01-01,1652-12-31,ended
7010,1098431,1098432,1609-01-01,1619-12-31,ended
7010,1098431,1098434,1612-01-01,1619-12-31,ended
7010,1098433,1098434,1611-01-01,1627-12-31,ended
7010,1098433,1098436,1613-01-01,1627-12-31,ended
7010,1098435,1098436,1611-01-01,1647-12-31,ended
7010,1098435,1098438,1612-01-01,1647-12-31,ended
7010,1098437,1098438,1609-01-01,1670-12-31,ended
7010,1098437,1098440,1610-01-01,1618-12-31,ended
7010,1098439,1098440,1610-01-01,1618-12-31,ended
7010,1098439,1098442,1607-01-01,1627-12-31,ended
7010,1098441,1098442,1613-01-01,1627-12-31,ended
7010,1098441,1098444,1611-01-01,1634-12-31,ended
7010,1098443,1098444,1608-01-01,1682-12-31,ended
7010,1098443,1098446,1611-01-01,1651-12-31,ended
7010,1098445,1098446,1612-01-01,1617-12-31,ended
7010,1098445,1098448,1614-01-01,1617-12-31,ended
7010,1098447,1098448,1610-01-01,1629-12-31,ended
7010,1098447,1098450,1609-01-01,1668-12-31,ended
7010,1098449,1098450,1612-01-01,1650-12-31,ended
7010,1098449,1098452,1611-01-01,1640-12-31,ended
7010,1098451,1098452,1609-01-01,1640-12-31,ended
7010,1098451,1098454,1608-01-01,1662-12-31,ended
7010,1098453,1098454,1609-01-01,1649-12-31,ended
7010,1098453,1098456,1612-01-01,1649-12-31,ended
7010,1098455,1098456,1610-01-01,1629-12-31,ended
7010,1098458,1098459,1627-01-01,1666-12-31,ended
7010,1098458,1098461,1632-01-01,1682-12-31,ended
7010,1098458,1098463,1635-01-01,1689-12-31,ended
7010,1098459,1098546,1633-01-01,1666-12-31,ended
7010,1098459,1098548,1631-01-01,1666-12-31,ended
7010,1098460,1098461,1633-01-01,1670-12-31,ended
7010,1098460,1098463,1634-01-01,1670-12-31,ended
7010,1098460,1098465,1634-01-01,1670-12-31,ended
7010,1098461,1098548,1629-01-01,1682-12-31,ended
7010,1098462,1098463,1630-01-01,1689-12-31,ended
7010,1098462,1098465,1630-01-01,1688-12-31,ended
7010,1098462,1098467,1631-01-01,1677-12-31,ended
7010,1098464,1098465,1630-01-01,1688-12-31,ended
7010,1098464,1098467,1634-01-01,1677-12-31,ended
7010,1098464,1098469,1629-01-01,1678-12-31,ended
7010,1098466,1098467,1630-01-01,1666-12-31,ended
7010,1098466,1098469,1629-01-01,1666-12-31,ended
7010,1098466,1098471,1635-01-01,1666-12-31,ended
7010,1098468,1098469,1630-01-01,1678-12-31,ended
7010,1098468,1098471,1631-01-01,1700-12-31,ended
7010,1098468,1098473,1630-01-01,1690-12-31,ended
7010,1098470,1098471,1635-01-01,1700-12-31,ended
7010,1098470,1098473,1629-01-01,1690-12-31,ended
7010,1098470,1098475,1635-01-01,1666-12-31,ended
7010,1098472,1098473,1633-01-01,1665-12-31,ended
7010,1098472,1098475,1633-01-01,1665-12-31,ended
7010,1098474,1098475,1631-01-01,1666-12-31,ended
7010,1098474,1098477,1629-01-01,1680-12-31,ended
7010,1098476,1098477,1630-01-01,1657-12-31,ended
7010,1098476,1098479,1629-01-01,1657-12-31,ended
7010,1098478,1098479,1629-01-01,1692-12-31,ended
7010,1098478,1098481,1631-01-01,1692-12-31,ended
7010,1098480,1098481,1634-01-01,1693-12-31,ended
7010,1098480,1098483,1631-01-01,1631-12-31,ended
7010,1098482,1098483,1635-01-01,1635-12-31,ended
7010,1098482,1098485,1633-01-01,1686-12-31,ended
7010,1098484,1098485,1632-01-01,1666-12-31,ended
7010,1098484,1098487,1632-01-01,1634-12-31,ended
7010,1098486,1098487,1630-01-01,1634-12-31,ended
7010,1098486,1098489,1632-01-01,1665-12-31,ended
7010,1098488,1098489,1635-01-01,1670-12-31,ended
7010,1098488,1098491,1634-01-01,1670-12-31,ended
7010,1098490,1098491,1633-01-01,1661-12-31,ended
7010,1098490,1098493,1633-01-01,1661-12-31,ended
7010,1098492,1098493,1631-01-01,1635-12-31,ended
7010,1098492,1098495,1630-01-01,1635-12-31,ended
7010,1098494,1098495,1630-01-01,1646-12-31,ended
7010,1098494,1098497,1629-01-01,1670-12-31,ended
7010,1098496,1098497,1630-01-01,1663-12-31,ended
7010,1098496,1098499,1633-01-01,1663-12-31,ended
7010,1098498,1098499,1630-01-01,1695-12-31,ended
7010,1098498,1098501,1632-01-01,1690-12-31,ended
7010,1098500,1098501,1633-01-01,1690-12-31,ended
7010,1098500,1098503,1633-01-01,1679-12-31,ended
7010,1098502,1098503,1632-01-01,1679-12-31,ended
7010,1098502,1098505,1629-01-01,1669-12-31,ended
7010,1098504,1098505,1632-01-01,1669-12-31,ended
7010,1098504,1098507,1632-01-01,1659-12-31,ended
7010,1098506,1098507,1633-01-01,1659-12-31,ended
7010,1098506,1098509,1629-01-01,1673-12-31,ended
7010,1098508,1098509,1634-01-01,1659-12-31,ended
7010,1098508,1098511,1631-01-01,1659-12-31,ended
7010,1098510,1098511,1630-01-01,1691-12-31,ended
7010,1098510,1098513,1632-01-01,1691-12-31,ended
7010,1098512,1098513,1629-01-01,1684-12-31,ended
7010,1098512,1098515,1635-01-01,1684-12-31,ended
7010,1098514,1098515,1634-01-01,1700-12-31,ended
7010,1098514,1098517,1629-01-01,1688-12-31,ended
7010,1098516,1098517,1635-01-01,1673-12-31,ended
7010,1098516,1098519,1634-01-01,1673-12-31,ended
7010,1098518,1098519,1632-01-01,1692-12-31,ended
7010,1098518,1098521,1633-01-01,1692-12-31,ended
7010,1098520,1098521,1634-01-01,1694-12-31,ended
7010,1098520,1098523,1633-01-01,1645-12-31,ended
7010,1098522,1098523,1632-01-01,1645-12-31,ended
7010,1098522,1098525,1631-01-01,1680-12-31,ended
7010,1098524,1098525,1632-01-01,1690-12-31,ended
7010,1098524,1098527,1631-01-01,1671-12-31,ended
7010,1098526,1098527,1631-01-01,1655-12-31,ended
7010,1098526,1098529,1634-01-01,1655-12-31,ended
7010,1098528,1098529,1633-01-01,1689-12-31,ended
7010,1098528,1098531,1632-01-01,1682-12-31,ended
7010,1098530,1098531,1632-01-01,1681-12-31,ended
7010,1098530,1098533,1632-01-01,1654-12-31,ended
7010,1098532,1098533,1634-01-01,1654-12-31,ended
7010,1098532,1098535,1633-01-01,1678-12-31,ended
7010,1098534,1098535,1629-01-01,1677-12-31,ended
7010,1098534,1098537,1635-01-01,1677-12-31,ended
7010,1098536,1098537,1634-01-01,1675-12-31,ended
7010,1098536,1098539,1629-01-01,1675-12-31,ended
7010,1098538,1098539,1633-01-01,1677-12-31,ended
7010,1098538,1098541,1629-01-01,1669-12-31,ended
7010,1098540,1098541,1632-01-01,1669-12-31,ended
7010,1098540,1098543,1629-01-01,1673-12-31,ended
7010,1098542,1098543,1634-01-01,1653-12-31,ended
7010,1098542,1098545,1633-01-01,1653-12-31,ended
7010,1098544,1098545,1631-01-01,1675-12-31,ended
7010,1098544,1098547,1631-01-01,1652-12-31,ended
7010,1098546,1098547,1631-01-01,1652-12-31,ended
7010,1098549,1098550,1651-01-01,1674-12-31,ended
7010,1098549,1098552,1655-01-01,1674-12-31,ended
7010,1098549,1098554,1652-01-01,1674-12-31,ended
7010,1098550,1098645,1654-01-01,1690-12-31,ended
7010,1098550,1098647,1652-01-01,1690-12-31,ended
7010,1098551,1098552,1653-01-01,1713-12-31,ended
7010,1098551,1098554,1650-01-01,1686-12-31,ended
7010,1098551,1098556,1655-01-01,1685-12-31,ended
7010,1098552,1098647,1650-01-01,1710-12-31,ended
7010,1098553,1098554,1651-01-01,1684-12-31,ended
7010,1098553,1098556,1656-01-01,1684-12-31,ended
7010,1098553,1098558,1651-01-01,1684-12-31,ended
7010,1098555,1098556,1651-01-01,1685-12-31,ended
7010,1098555,1098558,1650-01-01,1702-12-31,ended
7010,1098555,1098560,1654-01-01,1688-12-31,ended
7010,1098557,1098558,1650-01-01,1702-12-31,ended
7010,1098557,1098560,1651-01-01,1688-12-31,ended
7010,1098557,1098562,1653-01-01,1696-12-31,ended
7010,1098559,1098560,1653-01-01,1670-12-31,ended
7010,1098559,1098562,1650-01-01,1670-12-31,ended
7010,1098559,1098564,1656-01-01,1670-12-31,ended
7010,1098561,1098562,1653-01-01,1673-12-31,ended
7010,1098561,1098564,1656-01-01,1673-12-31,ended
7010,1098561,1098566,1650-01-01,1673-12-31,ended
7010,1098563,1098564,1650-01-01,1666-12-31,ended
7010,1098563,1098566,1652-01-01,1666-12-31,ended
7010,1098565,1098566,1656-01-01,1701-12-31,ended
7010,1098565,1098568,1650-01-01,1683-12-31,ended
7010,1098567,1098568,1650-01-01,1683-12-31,ended
7010,1098567,1098570,1651-01-01,1667-12-31,ended
7010,1098569,1098570,1656-01-01,1667-12-31,ended
7010,1098569,1098572,1653-01-01,1690-12-31,ended
7010,1098571,1098572,1653-01-01,1673-12-31,ended
7010,1098571,1098574,1653-01-01,1673-12-31,ended
7010,1098573,1098574,1654-01-01,1697-12-31,ended
7010,1098573,1098576,1651-01-01,1697-12-31,ended
7010,1098575,1098576,1651-01-01,1675-12-31,ended
7010,1098575,1098578,1651-01-01,1675-12-31,ended
7010,1098577,1098578,1654-01-01,1678-12-31,ended
7010,1098577,1098580,1651-01-01,1678-12-31,ended
7010,1098579,1098580,1654-01-01,1703-12-31,ended
7010,1098579,1098582,1652-01-01,1709-12-31,ended
7010,1098581,1098582,1652-01-01,1690-12-31,ended
7010,1098581,1098584,1655-01-01,1690-12-31,ended
7010,1098583,1098584,1652-01-01,1683-12-31,ended
7010,1098583,1098586,1655-01-01,1683-12-31,ended
7010,1098585,1098586,1651-01-01,1691-12-31,ended
7010,1098585,1098588,1651-01-01,1691-12-31,ended
7010,1098587,1098588,1653-01-01,1672-12-31,ended
7010,1098587,1098590,1653-01-01,1672-12-31,ended
7010,1098589,1098590,1650-01-01,1689-12-31,ended
7010,1098589,1098592,1650-01-01,1689-12-31,ended
7010,1098591,1098592,1651-01-01,1704-12-31,ended
7010,1098591,1098594,1655-01-01,1705-12-31,ended
7010,1098593,1098594,1651-01-01,1679-12-31,ended
7010,1098593,1098596,1651-01-01,1679-12-31,ended
7010,1098595,1098596,1650-01-01,1687-12-31,ended
7010,1098595,1098598,1656-01-01,1687-12-31,ended
7010,1098597,1098598,1655-01-01,1684-12-31,ended
7010,1098597,1098600,1651-01-01,1684-12-31,ended
7010,1098599,1098600,1656-01-01,1707-12-31,ended
7010,1098599,1098602,1650-01-01,1677-12-31,ended
7010,1098601,1098602,1653-01-01,1677-12-31,ended
7010,1098601,1098604,1651-01-01,1687-12-31,ended
7010,1098603,1098604,1656-01-01,1687-12-31,ended
7010,1098603,1098606,1650-01-01,1669-12-31,ended
7010,1098605,1098606,1650-01-01,1669-12-31,ended
7010,1098605,1098608,1652-01-01,1687-12-31,ended
7010,1098607,1098608,1651-01-01,1682-12-31,ended
7010,1098607,1098610,1654-01-01,1682-12-31,ended
7010,1098609,1098610,1651-01-01,1671-12-31,ended
7010,1098609,1098612,1655-01-01,1666-12-31,ended
7010,1098611,1098612,1652-01-01,1666-12-31,ended
7010,1098611,1098614,1651-01-01,1690-12-31,ended
7010,1098613,1098614,1652-01-01,1690-12-31,ended
7010,1098613,1098616,1651-01-01,1699-12-31,ended
7010,1098615,1098616,1651-01-01,1704-12-31,ended
7010,1098615,1098618,1653-01-01,1703-12-31,ended
7010,1098617,1098618,1652-01-01,1703-12-31,ended
7010,1098617,1098620,1652-01-01,1705-12-31,ended
7010,1098619,1098620,1655-01-01,1718-12-31,ended
7010,1098619,1098622,1651-01-01,1696-12-31,ended
7010,1098621,1098622,1653-01-01,1696-12-31,ended
7010,1098621,1098624,1652-01-01,1710-12-31,ended
7010,1098623,1098624,1653-01-01,1654-12-31,ended
7010,1098623,1098626,1650-01-01,1654-12-31,ended
7010,1098625,1098626,1650-01-01,1675-12-31,ended
7010,1098625,1098628,1652-01-01,1703-12-31,ended
7010,1098627,1098628,1656-01-01,1695-12-31,ended
7010,1098627,1098630,1652-01-01,1662-12-31,ended
7010,1098629,1098630,1652-01-01,1662-12-31,ended
7010,1098629,1098632,1650-01-01,1706-12-31,ended
7010,1098631,1098632,1654-01-01,1701-12-31,ended
7010,1098631,1098634,1653-01-01,1683-12-31,ended
7010,1098633,1098634,1652-01-01,1677-12-31,ended
7010,1098633,1098636,1652-01-01,1677-12-31,ended
7010,1098635,1098636,1654-01-01,1685-12-31,ended
7010,1098635,1098638,1652-01-01,1685-12-31,ended
7010,1098637,1098638,1651-01-01,1680-12-31,ended
7010,1098637,1098640,1650-01-01,1678-12-31,ended
7010,1098639,1098640,1656-01-01,1678-12-31,ended
7010,1098639,1098642,1654-01-01,1706-12-31,ended
7010,1098641,1098642,1652-01-01,1706-12-31,ended
7010,1098641,1098644,1651-01-01,1715-12-31,ended
7010,1098643,1098644,1656-01-01,1686-12-31,ended
7010,1098643,1098646,1652-01-01,1665-12-31,ended
7010,1098645,1098646,1654-01-01,1665-12-31,ended
7010,1098648,1098649,1673-01-01,1708-12-31,ended
7010,1098648,1098651,1674-01-01,1708-12-31,ended
7010,1098648,1098653,1672-01-01,1708-12-31,ended
7010,1098649,1098752,1674-01-01,1735-12-31,ended
7010,1098649,1098754,1676-01-01,1688-12-31,ended
7010,1098650,1098651,1673-01-01,1712-12-31,ended
7010,1098650,1098653,1671-01-01,1713-12-31,ended
7010,1098650,1098655,1672-01-01,1712-12-31,ended
7010,1098651,1098754,1672-01-01,1688-12-31,ended
7010,1098652,1098653,1672-01-01,1704-12-31,ended
7010,1098652,1098655,1669-01-01,1704-12-31,ended
7010,1098652,1098657,1672-01-01,1704-12-31,ended
7010,1098654,1098655,1675-01-01,1706-12-31,ended
7010,1098654,1098657,1674-01-01,1706-12-31,ended
7010,1098654,1098659,1674-01-01,1706-12-31,ended
7010,1098656,1098657,1673-01-01,1735-12-31,ended
7010,1098656,1098659,1672-01-01,1728-12-31,ended
7010,1098656,1098661,1674-01-01,1692-12-31,ended
7010,1098658,1098659,1671-01-01,1728-12-31,ended
7010,1098658,1098661,1675-01-01,1692-12-31,ended
7010,1098658,1098663,1675-01-01,1701-12-31,ended
7010,1098660,1098661,1671-01-01,1692-12-31,ended
7010,1098660,1098663,1672-01-01,1701-12-31,ended
7010,1098660,1098665,1671-01-01,1711-12-31,ended
7010,1098662,1098663,1673-01-01,1701-12-31,ended
7010,1098662,1098665,1676-01-01,1715-12-31,ended
7010,1098664,1098665,1673-01-01,1708-12-31,ended
7010,1098664,1098667,1673-01-01,1693-12-31,ended
7010,1098666,1098667,1672-01-01,1693-12-31,ended
7010,1098666,1098669,1675-01-01,1725-12-31,ended
7010,1098668,1098669,1671-01-01,1731-12-31,ended
7010,1098668,1098671,1673-01-01,1728-12-31,ended
7010,1098670,1098671,1671-01-01,1701-12-31,ended
7010,1098670,1098673,1676-01-01,1701-12-31,ended
7010,1098672,1098673,1674-01-01,1716-12-31,ended
7010,1098672,1098675,1671-01-01,1745-12-31,ended
7010,1098674,1098675,1672-01-01,1732-12-31,ended
7010,1098674,1098677,1672-01-01,1732-12-31,ended
7010,1098676,1098677,1671-01-01,1692-12-31,ended
7010,1098676,1098679,1671-01-01,1692-12-31,ended
7010,1098678,1098679,1674-01-01,1711-12-31,ended
7010,1098678,1098681,1673-01-01,1728-12-31,ended
7010,1098680,1098681,1674-01-01,1717-12-31,ended
7010,1098680,1098683,1674-01-01,1717-12-31,ended
7010,1098682,1098683,1675-01-01,1733-12-31,ended
7010,1098682,1098685,1674-01-01,1715-12-31,ended
7010,1098684,1098685,1675-01-01,1715-12-31,ended
7010,1098684,1098687,1674-01-01,1713-12-31,ended
7010,1098686,1098687,1676-01-01,1713-12-31,ended
7010,1098686,1098689,1674-01-01,1697-12-31,ended
7010,1098688,1098689,1674-01-01,1676-12-31,ended
7010,1098688,1098691,1671-01-01,1676-12-31,ended
7010,1098690,1098691,1674-01-01,1705-12-31,ended
7010,1098690,1098693,1675-01-01,1712-12-31,ended
7010,1098692,1098693,1676-01-01,1712-12-31,ended
7010,1098692,1098695,1676-01-01,1692-12-31,ended
7010,1098694,1098695,1673-01-01,1692-12-31,ended
7010,1098694,1098697,1671-01-01,1686-12-31,ended
7010,1098696,1098697,1675-01-01,1686-12-31,ended
7010,1098696,1098699,1673-01-01,1714-12-31,ended
7010,1098698,1098699,1674-01-01,1714-12-31,ended
7010,1098698,1098701,1675-01-01,1722-12-31,ended
7010,1098700,1098701,1674-01-01,1722-12-31,ended
7010,1098700,1098703,1674-01-01,1732-12-31,ended
7010,1098702,1098703,1674-01-01,1695-12-31,ended
7010,1098702,1098705,1672-01-01,1695-12-31,ended
7010,1098704,1098705,1673-01-01,1712-12-31,ended
7010,1098704,1098707,1672-01-01,1709-12-31,ended
7010,1098706,1098707,1671-01-01,1706-12-31,ended
7010,1098706,1098709,1675-01-01,1706-12-31,ended
7010,1098708,1098709,1671-01-01,1706-12-31,ended
7010,1098708,1098711,1671-01-01,1726-12-31,ended
7010,1098710,1098711,1672-01-01,1711-12-31,ended
7010,1098710,1098713,1674-01-01,1679-12-31,ended
7010,1098712,1098713,1671-01-01,1679-12-31,ended
7010,1098712,1098715,1672-01-01,1696-12-31,ended
7010,1098714,1098715,1675-01-01,1699-12-31,ended
7010,1098714,1098717,1674-01-01,1688-12-31,ended
7010,1098716,1098717,1671-01-01,1688-12-31,ended
7010,1098716,1098719,1676-01-01,1715-12-31,ended
7010,1098718,1098719,1676-01-01,1711-12-31,ended
7010,1098718,1098721,1672-01-01,1693-12-31,ended
7010,1098720,1098721,1675-01-01,1693-12-31,ended
7010,1098720,1098723,1673-01-01,1710-12-31,ended
7010,1098722,1098723,1675-01-01,1710-12-31,ended
7010,1098722,1098725,1673-01-01,1705-12-31,ended
7010,1098724,1098725,1672-01-01,1705-12-31,ended
7010,1098724,1098727,1674-01-01,1707-12-31,ended
7010,1098726,1098727,1676-01-01,1707-12-31,ended
7010,1098726,1098729,1671-01-01,1699-12-31,ended
7010,1098728,1098729,1674-01-01,1699-12-31,ended
7010,1098728,1098731,1671-01-01,1702-12-31,ended
7010,1098730,1098731,1673-01-01,1715-12-31,ended
7010,1098730,1098733,1673-01-01,1741-12-31,ended
7010,1098732,1098733,1672-01-01,1720-12-31,ended
7010,1098732,1098735,1673-01-01,1711-12-31,ended
7010,1098734,1098735,1671-01-01,1711-12-31,ended
7010,1098734,1098737,1676-01-01,1730-12-31,ended
7010,1098736,1098737,1674-01-01,1705-12-31,ended
7010,1098736,1098739,1673-01-01,1698-12-31,ended
7010,1098738,1098739,1676-01-01,1698-12-31,ended
7010,1098738,1098741,1673-01-01,1713-12-31,ended
7010,1098740,1098741,1672-01-01,1700-12-31,ended
7010,1098740,1098743,1675-01-01,1700-12-31,ended
7010,1098742,1098743,1672-01-01,1687-12-31,ended
7010,1098742,1098745,1671-01-01,1687-12-31,ended
7010,1098744,1098745,1672-01-01,1693-12-31,ended
7010,1098744,1098747,1672-01-01,1693-12-31,ended
7010,1098746,1098747,1677-01-01,1707-12-31,ended
7010,1098746,1098749,1675-01-01,1707-12-31,ended
7010,1098748,1098749,1676-01-01,1712-12-31,ended
7010,1098748,1098751,1673-01-01,1725-12-31,ended
7010,1098750,1098751,1675-01-01,1705-12-31,ended
7010,1098750,1098753,1677-01-01,1705-12-31,ended
7010,1098752,1098753,1674-01-01,1720-12-31,ended
7010,1098755,1098756,1692-01-01,1718-12-31,ended
7010,1098755,1098758,1694-01-01,1715-12-31,ended
7010,1098755,1098760,1694-01-01,1715-12-31,ended
7010,1098756,1098867,1693-01-01,1718-12-31,ended
7010,1098756,1098869,1695-01-01,1718-12-31,ended
7010,1098757,1098758,1693-01-01,1715-12-31,ended
7010,1098757,1098760,1693-01-01,1715-12-31,ended
7010,1098757,1098762,1694-01-01,1738-12-31,ended
7010,1098758,1098869,1698-01-01,1715-12-31,ended
7010,1098759,1098760,1692-01-01,1715-12-31,ended
7010,1098759,1098762,1692-01-01,1750-12-31,ended
7010,1098759,1098764,1693-01-01,1731-12-31,ended
7010,1098761,1098762,1692-01-01,1731-12-31,ended
7010,1098761,1098764,1693-01-01,1731-12-31,ended
7010,1098761,1098766,1696-01-01,1731-12-31,ended
7010,1098763,1098764,1695-01-01,1726-12-31,ended
7010,1098763,1098766,1696-01-01,1726-12-31,ended
7010,1098763,1098768,1693-01-01,1726-12-31,ended
7010,1098765,1098766,1696-01-01,1744-12-31,ended
7010,1098765,1098768,1692-01-01,1738-12-31,ended
7010,1098765,1098770,1695-01-01,1710-12-31,ended
7010,1098767,1098768,1694-01-01,1738-12-31,ended
7010,1098767,1098770,1692-01-01,1710-12-31,ended
7010,1098767,1098772,1694-01-01,1718-12-31,ended
7010,1098769,1098770,1693-01-01,1710-12-31,ended
7010,1098769,1098772,1696-01-01,1718-12-31,ended
7010,1098769,1098774,1696-01-01,1726-12-31,ended
7010,1098771,1098772,1694-01-01,1718-12-31,ended
7010,1098771,1098774,1692-01-01,1726-12-31,ended
7010,1098773,1098774,1695-01-01,1721-12-31,ended
7010,1098773,1098776,1696-01-01,1721-12-31,ended
7010,1098775,1098776,1698-01-01,1744-12-31,ended
7010,1098775,1098778,1694-01-01,1744-12-31,ended
7010,1098777,1098778,1692-01-01,1736-12-31,ended
7010,1098777,1098780,1698-01-01,1706-12-31,ended
7010,1098779,1098780,1696-01-01,1706-12-31,ended
7010,1098779,1098782,1696-01-01,1730-12-31,ended
7010,1098781,1098782,1697-01-01,1737-12-31,ended
7010,1098781,1098784,1695-01-01,1709-12-31,ended
7010,1098783,1098784,1695-01-01,1709-12-31,ended
7010,1098783,1098786,1696-01-01,1722-12-31,ended
7010,1098785,1098786,1695-01-01,1722-12-31,ended
7010,1098785,1098788,1695-01-01,1767-12-31,ended
7010,1098787,1098788,1698-01-01,1729-12-31,ended
7010,1098787,1098790,1692-01-01,1729-12-31,ended
7010,1098789,1098790,1698-01-01,1744-12-31,ended
7010,1098789,1098792,1697-01-01,1718-12-31,ended
7010,1098791,1098792,1694-01-01,1718-12-31,ended
7010,1098791,1098794,1695-01-01,1729-12-31,ended
7010,1098793,1098794,1693-01-01,1729-12-31,ended
7010,1098793,1098796,1698-01-01,1740-12-31,ended
7010,1098795,1098796,1698-01-01,1748-12-31,ended
7010,1098795,1098798,1695-01-01,1740-12-31,ended
7010,1098797,1098798,1691-01-01,1740-12-31,ended
7010,1098797,1098800,1695-01-01,1740-12-31,ended
7010,1098799,1098800,1696-01-01,1740-12-31,ended
7010,1098799,1098802,1694-01-01,1726-12-31,ended
7010,1098801,1098802,1697-01-01,1726-12-31,ended
7010,1098801,1098804,1692-01-01,1720-12-31,ended
7010,1098803,1098804,1692-01-01,1720-12-31,ended
7010,1098803,1098806,1692-01-01,1730-12-31,ended
7010,1098805,1098806,1693-01-01,1730-12-31,ended
7010,1098805,1098808,1697-01-01,1731-12-31,ended
7010,1098807,1098808,1694-01-01,1728-12-31,ended
7010,1098807,1098810,1695-01-01,1728-12-31,ended
7010,1098809,1098810,1692-01-01,1733-12-31,ended
7010,1098809,1098812,1696-01-01,1724-12-31,ended
7010,1098811,1098812,1695-01-01,1724-12-31,ended
7010,1098811,1098814,1694-01-01,1723-12-31,ended
7010,1098813,1098814,1693-01-01,1723-12-31,ended
7010,1098813,1098816,1696-01-01,1725-12-31,ended
7010,1098815,1098816,1695-01-01,1763-12-31,ended
7010,1098815,1098818,1698-01-01,1755-12-31,ended
7010,1098817,1098818,1692-01-01,1755-12-31,ended
7010,1098817,1098820,1696-01-01,1710-12-31,ended
7010,1098819,1098820,1697-01-01,1710-12-31,ended
7010,1098819,1098822,1692-01-01,1734-12-31,ended
7010,1098821,1098822,1694-01-01,1734-12-31,ended
7010,1098821,1098824,1693-01-01,1750-12-31,ended
7010,1098823,1098824,1692-01-01,1764-12-31,ended
7010,1098823,1098826,1695-01-01,1725-12-31,ended
7010,1098825,1098826,1697-01-01,1716-12-31,ended
7010,1098825,1098828,1696-01-01,1716-12-31,ended
7010,1098827,1098828,1695-01-01,1742-12-31,ended
7010,1098827,1098830,1694-01-01,1715-12-31,ended
7010,1098829,1098830,1694-01-01,1715-12-31,ended
7010,1098829,1098832,1693-01-01,1733-12-31,ended
7010,1098831,1098832,1694-01-01,1731-12-31,ended
7010,1098831,1098834,1697-01-01,1712-12-31,ended
7010,1098833,1098834,1693-01-01,1712-12-31,ended
7010,1098833,1098836,1694-01-01,1729-12-31,ended
7010,1098835,1098836,1692-01-01,1741-12-31,ended
7010,1098835,1098838,1693-01-01,1760-12-31,ended
7010,1098837,1098838,1697-01-01,1711-12-31,ended
7010,1098837,1098840,1697-01-01,1711-12-31,ended
7010,1098839,1098840,1693-01-01,1738-12-31,ended
7010,1098839,1098842,1694-01-01,1696-12-31,ended
7010,1098841,1098842,1692-01-01,1696-12-31,ended
7010,1098841,1098844,1693-01-01,1750-12-31,ended
7010,1098843,1098844,1693-01-01,1751-12-31,ended
7010,1098843,1098846,1695-01-01,1706-12-31,ended
7010,1098845,1098846,1698-01-01,1706-12-31,ended
7010,1098845,1098848,1696-01-01,1748-12-31,ended
7010,1098847,1098848,1696-01-01,1742-12-31,ended
7010,1098847,1098850,1697-01-01,1704-12-31,ended
7010,1098849,1098850,1693-01-01,1704-12-31,ended
7010,1098849,1098852,1694-01-01,1747-12-31,ended
7010,1098851,1098852,1695-01-01,1739-12-31,ended
7010,1098851,1098854,1692-01-01,1722-12-31,ended
7010,1098853,1098854,1692-01-01,1722-12-31,ended
7010,1098853,1098856,1696-01-01,1699-12-31,ended
7010,1098855,1098856,1693-01-01,1699-12-31,ended
7010,1098855,1098858,1694-01-01,1725-12-31,ended
7010,1098857,1098858,1693-01-01,1727-12-31,ended
7010,1098857,1098860,1693-01-01,1707-12-31,ended
7010,1098859,1098860,1696-01-01,1707-12-31,ended
7010,1098859,1098862,1693-01-01,1738-12-31,ended
7010,1098861,1098862,1692-01-01,1738-12-31,ended
7010,1098861,1098864,1697-01-01,1732-12-31,ended
7010,1098863,1098864,1692-01-01,1732-12-31,ended
7010,1098863,1098866,1697-01-01,1735-12-31,ended
7010,1098865,1098866,1696-01-01,1715-12-31,ended
7010,1098865,1098868,1696-01-01,1715-12-31,ended
7010,1098867,1098868,1696-01-01,1758-12-31,ended
7010,1098870,1098871,1713-01-01,1717-12-31,ended
7010,1098872,1098873,1714-01-01,1719-12-31,ended
7010,1098874,1098875,1713-01-01,1749-12-31,ended
7010,1098876,1098877,1719-01-01,1767-12-31,ended
7010,1098878,1098879,1713-01-01,1739-12-31,ended
7010,1098880,1098881,1719-01-01,1728-12-31,ended
7010,1098882,1098883,1715-01-01,1737-12-31,ended
7010,1098884,1098885,1717-01-01,1747-12-31,ended
7010,1098886,1098887,1718-01-01,1758-12-31,ended
7010,1098888,1098889,1717-01-01,1731-12-31,ended
7010,1098890,1098891,1715-01-01,1735-12-31,ended
7010,1098892,1098893,1715-01-01,1735-12-31,ended
7010,1098894,1098895,1714-01-01,1737-12-31,ended
7010,1098896,1098897,1713-01-01,1754-12-31,ended
7010,1098898,1098899,1715-01-01,1772-12-31,ended
7010,1098900,1098901,1716-01-01,1757-12-31,ended
7010,1098902,1098903,1714-01-01,1741-12-31,ended
7010,1098904,1098905,1714-01-01,1746-12-31,ended
7010,1098906,1098907,1719-01-01,1734-12-31,ended
7010,1098908,1098909,1715-01-01,1753-12-31,ended
7010,1098910,1098911,1715-01-01,1724-12-31,ended
7010,1098912,1098913,1714-01-01,1740-12-31,ended
7010,1098914,1098915,1713-01-01,1731-12-31,ended
7010,1098916,1098917,1716-01-01,1731-12-31,ended
7010,1098918,1098919,1713-01-01,1756-12-31,ended
7010,1098920,1098921,1713-01-01,1770-12-31,ended
7010,1098922,1098923,1718-01-01,1789-12-31,ended
7010,1098924,1098925,1717-01-01,1761-12-31,ended
7010,1098926,1098927,1716-01-01,1768-12-31,ended
7010,1098928,1098929,1717-01-01,1749-12-31,ended
7010,1098930,1098931,1717-01-01,1757-12-31,ended
7010,1098932,1098933,1718-01-01,1744-12-31,ended
7010,1098934,1098935,1713-01-01,1751-12-31,ended
7010,1098936,1098937,1713-01-01,1754-12-31,ended
7010,1098938,1098939,1714-01-01,1744-12-31,ended
7010,1098940,1098941,1716-01-01,1722-12-31,ended
7010,1098942,1098943,1716-01-01,1755-12-31,ended
7010,1098944,1098945,1717-01-01,1757-12-31,ended
7010,1098946,1098947,1715-01-01,1720-12-31,ended
7010,1098948,1098949,1715-01-01,1757-12-31,ended
7010,1098950,1098951,1716-01-01,1771-12-31,ended
7010,1098952,1098953,1718-01-01,1741-12-31,ended
7010,1098954,1098955,1715-01-01,1733-12-31,ended
7010,1098956,1098957,1715-01-01,1751-12-31,ended
7010,1098958,1098959,1718-01-01,1786-12-31,ended
7010,1098960,1098961,1714-01-01,1737-12-31,ended
7010,1098962,1098963,1717-01-01,1773-12-31,ended
7010,1098964,1098965,1713-01-01,1764-12-31,ended
7010,1098966,1098967,1718-01-01,1752-12-31,ended
7010,1098968,1098969,1717-01-01,1753-12-31,ended
7010,1098970,1098971,1718-01-01,1757-12-31,ended
7010,1098972,1098973,1719-01-01,1754-12-31,ended
7010,1098974,1098975,1718-01-01,1734-12-31,ended
7010,1098976,1098977,1716-01-01,1743-12-31,ended
7010,1098978,1098979,1716-01-01,1747-12-31,ended
7010,1098980,1098981,1713-01-01,1758-12-31,ended
7010,1098982,1098983,1715-01-01,1752-12-31,ended
7010,1098984,1098985,1713-01-01,1767-12-31,ended
7010,1098986,1098987,1713-01-01,1750-12-31,ended
7010,1098988,1098989,1713-01-01,1773-12-31,ended
7010,1098990,1098991,1717-01-01,1737-12-31,ended
7010,1098992,1098993,1716-01-01,1758-12-31,ended
7010,1098994,1098995,1737-01-01,1785-12-31,ended
7010,1098996,1098997,1735-01-01,1751-12-31,ended
7010,1098998,1098999,1739-01-01,1788-12-31,ended
7010,1099000,1099001,1734-01-01,1791-12-31,ended
7010,1099002,1099003,1738-01-01,1783-12-31,ended
7010,1099004,1099005,1737-01-01,1779-12-31,ended
7010,1099006,1099007,1734-01-01,1769-12-31,ended
7010,1099008,1099009,1735-01-01,1774-12-31,ended
7010,1099010,1099011,1734-01-01,1787-12-31,ended
7010,1099012,1099013,1738-01-01,1793-12-31,ended
7010,1099014,1099015,1736-01-01,1764-12-31,ended
7010,1099016,1099017,1738-01-01,1777-12-31,ended
7010,1099018,1099019,1736-01-01,1782-12-31,ended
7010,1099020,1099021,1740-01-01,1767-12-31,ended
7010,1099022,1099023,1736-01-01,1769-12-31,ended
7010,1099024,1099025,1734-01-01,1802-12-31,ended
7010,1099026,1099027,1732-01-01,1779-12-31,ended
7010,1099028,1099029,1734-01-01,1769-12-31,ended
7010,1099030,1099031,1736-01-01,1786-12-31,ended
7010,1099032,1099033,1739-01-01,1791-12-31,ended
7010,1099034,1099035,1737-01-01,1761-12-31,ended
7010,1099036,1099037,1740-01-01,1761-12-31,ended
7010,1099038,1099039,1738-01-01,1747-12-31,ended
7010,1099040,1099041,1735-01-01,1793-12-31,ended
7010,1099042,1099043,1738-01-01,1765-12-31,ended
7010,1099044,1099045,1735-01-01,1773-12-31,ended
7010,1099046,1099047,1738-01-01,1750-12-31,ended
7010,1099048,1099049,1735-01-01,1801-12-31,ended
7010,1099050,1099051,1740-01-01,1773-12-31,ended
7010,1099052,1099053,1734-01-01,1750-12-31,ended
7010,1099054,1099055,1735-01-01,1773-12-31,ended
7010,1099056,1099057,1735-01-01,1755-12-31,ended
7010,1099058,1099059,1738-01-01,1765-12-31,ended
7010,1099060,1099061,1735-01-01,1780-12-31,ended
7010,1099062,1099063,1738-01-01,1768-12-31,ended
7010,1099064,1099065,1734-01-01,1765-12-31,ended
7010,1099066,1099067,1734-01-01,1753-12-31,ended
7010,1099068,1099069,1737-01-01,1798-12-31,ended
7010,1099070,1099071,1739-01-01,1768-12-31,ended
7010,1099072,1099073,1739-01-01,1786-12-31,ended
7010,1099074,1099075,1734-01-01,1757-12-31,ended
7010,1099076,1099077,1735-01-01,1752-12-31,ended
7010,1099078,1099079,1737-01-01,1777-12-31,ended
7010,1099080,1099081,1734-01-01,1764-12-31,ended
7010,1099082,1099083,1737-01-01,1795-12-31,ended
7010,1099084,1099085,1735-01-01,1751-12-31,ended
7010,1099086,1099087,1738-01-01,1746-12-31,ended
7010,1099088,1099089,1735-01-01,1792-12-31,ended
7010,1099090,1099091,1734-01-01,1781-12-31,ended
7010,1099092,1099093,1737-01-01,1763-12-31,ended
7010,1099094,1099095,1734-01-01,1750-12-31,ended
7010,1099096,1099097,1737-01-01,1762-12-31,ended
7010,1099098,1099099,1736-01-01,1761-12-31,ended
7010,1099100,1099101,1737-01-01,1780-12-31,ended
7010,1099102,1099103,1736-01-01,1773-12-31,ended
7010,1099104,1099105,1737-01-01,1771-12-31,ended
7010,1099106,1099107,1734-01-01,1796-12-31,ended
7010,1099108,1099109,1734-01-01,1765-12-31,ended
7010,1099110,1099111,1739-01-01,1792-12-31,ended
7010,1099112,1099113,1740-01-01,1763-12-31,ended
7010,1099114,1099115,1738-01-01,1787-12-31,ended
7010,1099116,1099117,1737-01-01,1744-12-31,ended
7010,1099118,1099119,1755-01-01,1799-12-31,ended
7010,1099120,1099121,1757-01-01,1806-12-31,ended
7010,1099122,1099123,1756-01-01,1809-12-31,ended
7010,1099124,1099125,1756-01-01,1805-12-31,ended
7010,1099126,1099127,1759-01-01,1812-12-31,ended
7010,1099128,1099129,1759-01-01,1777-12-31,ended
7010,1099130,1099131,1758-01-01,1767-12-31,ended
7010,1099132,1099133,1755-01-01,1806-12-31,ended
7010,1099134,1099135,1758-01-01,1789-12-31,ended
7010,1099136,1099137,1756-01-01,1786-12-31,ended
7010,1099138,1099139,1760-01-01,1799-12-31,ended
7010,1099140,1099141,1759-01-01,1779-12-31,ended
7010,1099142,1099143,1760-01-01,1776-12-31,ended
7010,1099144,1099145,1758-01-01,1789-12-31,ended
7010,1099146,1099147,1759-01-01,1784-12-31,ended
7010,1099148,1099149,1757-01-01,1798-12-31,ended
7010,1099150,1099151,1759-01-01,1789-12-31,ended
7010,1099152,1099153,1760-01-01,1786-12-31,ended
7010,1099154,1099155,1758-01-01,1789-12-31,ended
7010,1099156,1099157,1759-01-01,1798-12-31,ended
7010,1099158,1099159,1758-01-01,1795-12-31,ended
7010,1099160,1099161,1756-01-01,1793-12-31,ended
7010,1099162,1099163,1757-01-01,1790-12-31,ended
7010,1099164,1099165,1755-01-01,1807-12-31,ended
7010,1099166,1099167,1760-01-01,1799-12-31,ended
7010,1099168,1099169,1758-01-01,1796-12-31,ended
7010,1099170,1099171,1758-01-01,1770-12-31,ended
7010,1099172,1099173,1757-01-01,1821-12-31,ended
7010,1099174,1099175,1757-01-01,1758-12-31,ended
7010,1099176,1099177,1758-01-01,1804-12-31,ended
7010,1099178,1099179,1758-01-01,1787-12-31,ended
7010,1099180,1099181,1755-01-01,1785-12-31,ended
7010,1099182,1099183,1755-01-01,1798-12-31,ended
7010,1099184,1099185,1760-01-01,1801-12-31,ended
7010,1099186,1099187,1756-01-01,1800-12-31,ended
7010,1099188,1099189,1757-01-01,1791-12-31,ended
7010,1099190,1099191,1758-01-01,1799-12-31,ended
7010,1099192,1099193,1755-01-01,1770-12-31,ended
7010,1099194,1099195,1758-01-01,1762-12-31,ended
7010,1099196,1099197,1759-01-01,1805-12-31,ended
7010,1099198,1099199,1755-01-01,1795-12-31,ended
7010,1099200,1099201,1759-01-01,1792-12-31,ended
7010,1099202,1099203,1760-01-01,1773-12-31,ended
7010,1099204,1099205,1760-01-01,1768-12-31,ended
7010,1099206,1099207,1757-01-01,1773-12-31,ended
7010,1099208,1099209,1757-01-01,1759-12-31,ended
7010,1099210,1099211,1755-01-01,1783-12-31,ended
7010,1099212,1099213,1755-01-01,1780-12-31,ended
7010,1099214,1099215,1757-01-01,1800-12-31,ended
7010,1099216,1099217,1755-01-01,1762-12-31,ended
7010,1099218,1099219,1757-01-01,1815-12-31,ended
7010,1099220,1099221,1756-01-01,1824-12-31,ended
7010,1099222,1099223,1760-01-01,1798-12-31,ended
7010,1099224,1099225,1755-01-01,1792-12-31,ended
7010,1099226,1099227,1757-01-01,1806-12-31,ended
7010,1099228,1099229,1756-01-01,1793-12-31,ended
7010,1099230,1099231,1758-01-01,1817-12-31,ended
7010,1099232,1099233,1756-01-01,1812-12-31,ended
7010,1099234,1099235,1779-01-01,1800-12-31,ended
7010,1099236,1099237,1777-01-01,1812-12-31,ended
7010,1099238,1099239,1781-01-01,1827-12-31,ended
7010,1099240,1099241,1777-01-01,1839-12-31,ended
7010,1099242,1099243,1778-01-01,1829-12-31,ended
7010,1099244,1099245,1776-01-01,1821-12-31,ended
7010,1099246,1099247,1776-01-01,1804-12-31,ended
7010,1099248,1099249,1778-01-01,1825-12-31,ended
7010,1099250,1099251,1776-01-01,1824-12-31,ended
7010,1099252,1099253,1778-01-01,1822-12-31,ended
7010,1099254,1099255,1776-01-01,1826-12-31,ended
7010,1099256,1099257,1778-01-01,1841-12-31,ended
7010,1099258,1099259,1781-01-01,1839-12-31,ended
7010,1099260,1099261,1780-01-01,1835-12-31,ended
7010,1099262,1099263,1779-01-01,1819-12-31,ended
7010,1099264,1099265,1779-01-01,1795-12-31,ended
7010,1099266,1099267,1780-01-01,1806-12-31,ended
7010,1099268,1099269,1780-01-01,1822-12-31,ended
7010,1099270,1099271,1781-01-01,1804-12-31,ended
7010,1099272,1099273,1779-01-01,1829-12-31,ended
7010,1099274,1099275,1782-01-01,1852-12-31,ended
7010,1099276,1099277,1779-01-01,1827-12-31,ended
7010,1099278,1099279,1779-01-01,1809-12-31,ended
7010,1099280,1099281,1774-01-01,1819-12-31,ended
7010,1099282,1099283,1777-01-01,1791-12-31,ended
7010,1099284,1099285,1778-01-01,1803-12-31,ended
7010,1099286,1099287,1781-01-01,1844-12-31,ended
7010,1099288,1099289,1781-01-01,1815-12-31,ended
7010,1099290,1099291,1777-01-01,1832-12-31,ended
7010,1099292,1099293,1780-01-01,1813-12-31,ended
7010,1099294,1099295,1779-01-01,1805-12-31,ended
7010,1099296,1099297,1779-01-01,1828-12-31,ended
7010,1099298,1099299,1779-01-01,1819-12-31,ended
7010,1099300,1099301,1777-01-01,1841-12-31,ended
7010,1099302,1099303,1778-01-01,1801-12-31,ended
7010,1099304,1099305,1776-01-01,1827-12-31,ended
7010,1099306,1099307,1776-01-01,1805-12-31,ended
7010,1099308,1099309,1780-01-01,1849-12-31,ended
7010,1099310,1099311,1779-01-01,1804-12-31,ended
7010,1099312,1099313,1776-01-01,1824-12-31,ended
7010,1099314,1099315,1782-01-01,1821-12-31,ended
7010,1099316,1099317,1778-01-01,1814-12-31,ended
7010,1099318,1099319,1777-01-01,1823-12-31,ended
7010,1099320,1099321,1782-01-01,1805-12-31,ended
7010,1099322,1099323,1778-01-01,1811-12-31,ended
7010,1099324,1099325,1777-01-01,1810-12-31,ended
7010,1099326,1099327,1780-01-01,1821-12-31,ended
7010,1099328,1099329,1779-01-01,1824-12-31,ended
7010,1099330,1099331,1777-01-01,1800-12-31,ended
7010,1099332,1099333,1778-01-01,1809-12-31,ended
7010,1099334,1099335,1777-01-01,1801-12-31,ended
7010,1099336,1099337,1782-01-01,1796-12-31,ended
7010,1099338,1099339,1781-01-01,1805-12-31,ended
7010,1099340,1099341,1778-01-01,1796-12-31,ended
7010,1099342,1099343,1799-01-01,1841-12-31,ended
7010,1099344,1099345,1800-01-01,1822-12-31,ended
7010,1099346,1099347,1803-01-01,1842-12-31,ended
7010,1099348,1099349,1798-01-01,1822-12-31,ended
7010,1099350,1099351,1798-01-01,1830-12-31,ended
7010,1099352,1099353,1798-01-01,1835-12-31,ended
7010,1099354,1099355,1802-01-01,1838-12-31,ended
7010,1099356,1099357,1801-01-01,1843-12-31,ended
7010,1099358,1099359,1800-01-01,1876-12-31,ended
7010,1099360,1099361,1803-01-01,1849-12-31,ended
7010,1099362,1099363,1799-01-01,1844-12-31,ended
7010,1099364,1099365,1801-01-01,1835-12-31,ended
7010,1099366,1099367,1798-01-01,1859-12-31,ended
7010,1099368,1099369,1799-01-01,1850-12-31,ended
7010,1099370,1099371,1801-01-01,1816-12-31,ended
7010,1099372,1099373,1803-01-01,1858-12-31,ended
7010,1099374,1099375,1798-01-01,1831-12-31,ended
7010,1099376,1099377,1798-01-01,1820-12-31,ended
7010,1099378,1099379,1797-01-01,1829-12-31,ended
7010,1099380,1099381,1799-01-01,1815-12-31,ended
7010,1099382,1099383,1802-01-01,1828-12-31,ended
7010,1099384,1099385,1798-01-01,1813-12-31,ended
7010,1099386,1099387,1800-01-01,1840-12-31,ended
7010,1099388,1099389,1800-01-01,1849-12-31,ended
7010,1099390,1099391,1801-01-01,1856-12-31,ended
7010,1099392,1099393,1797-01-01,1832-12-31,ended
7010,1099394,1099395,1799-01-01,1826-12-31,ended
7010,1099396,1099397,1801-01-01,1841-12-31,ended
7010,1099398,1099399,1802-01-01,1832-12-31,ended
7010,1099400,1099401,1801-01-01,1829-12-31,ended
7010,1099402,1099403,1800-01-01,1848-12-31,ended
7010,1099404,1099405,1803-01-01,1870-12-31,ended
7010,1099406,1099407,1803-01-01,1829-12-31,ended
7010,1099408,1099409,1798-01-01,1838-12-31,ended
7010,1099410,1099411,1797-01-01,1854-12-31,ended
7010,1099412,1099413,1802-01-01,1851-12-31,ended
7010,1099414,1099415,1801-01-01,1812-12-31,ended
7010,1099416,1099417,1800-01-01,1818-12-31,ended
7010,1099418,1099419,1797-01-01,1836-12-31,ended
7010,1099420,1099421,1800-01-01,1836-12-31,ended
7010,1099422,1099423,1799-01-01,1809-12-31,ended
7010,1099424,1099425,1802-01-01,1842-12-31,ended
7010,1099426,1099427,1800-01-01,1833-12-31,ended
7010,1099428,1099429,1803-01-01,1859-12-31,ended
7010,1099430,1099431,1801-01-01,1851-12-31,ended
7010,1099432,1099433,1800-01-01,1801-12-31,ended
7010,1099434,1099435,1800-01-01,1843-12-31,ended
7010,1099436,1099437,1800-01-01,1843-12-31,ended
7010,1099438,1099439,1800-01-01,1811-12-31,ended
7010,1099440,1099441,1803-01-01,1830-12-31,ended
7010,1099442,1099443,1819-01-01,1843-12-31,ended
7010,1099444,1099445,1823-01-01,1837-12-31,ended
7010,1099446,1099447,1823-01-01,1825-12-31,ended
7010,1099448,1099449,1824-01-01,1870-12-31,ended
7010,1099450,1099451,1823-01-01,1835-12-31,ended
7010,1099452,1099453,1821-01-01,1856-12-31,ended
7010,1099454,1099455,1823-01-01,1870-12-31,ended
7010,1099456,1099457,1819-01-01,1896-12-31,ended
7010,1099458,1099459,1819-01-01,1853-12-31,ended
7010,1099460,1099461,1822-01-01,1863-12-31,ended
7010,1099462,1099463,1824-01-01,1848-12-31,ended
7010,1099464,1099465,1819-01-01,1880-12-31,ended
7010,1099466,1099467,1819-01-01,1854-12-31,ended
7010,1099468,1099469,1824-01-01,1847-12-31,ended
7010,1099470,1099471,1823-01-01,1851-12-31,ended
7010,1099472,1099473,1821-01-01,1853-12-31,ended
7010,1099474,1099475,1821-01-01,1825-12-31,ended
7010,1099476,1099477,1818-01-01,1880-12-31,ended
7010,1099478,1099479,1822-01-01,1852-12-31,ended
7010,1099480,1099481,1822-01-01,1872-12-31,ended
7010,1099482,1099483,1818-01-01,1836-12-31,ended
7010,1099484,1099485,1821-01-01,1841-12-31,ended
7010,1099486,1099487,1820-01-01,1850-12-31,ended
7010,1099488,1099489,1821-01-01,1833-12-31,ended
7010,1099490,1099491,1819-01-01,1866-12-31,ended
7010,1099492,1099493,1821-01-01,1863-12-31,ended
7010,1099494,1099495,1822-01-01,1874-12-31,ended
7010,1099496,1099497,1821-01-01,1867-12-31,ended
7010,1099498,1099499,1820-01-01,1887-12-31,ended
7010,1099500,1099501,1822-01-01,1859-12-31,ended
7010,1099502,1099503,1821-01-01,1839-12-31,ended
7010,1099504,1099505,1821-01-01,1860-12-31,ended
7010,1099506,1099507,1818-01-01,1871-12-31,ended
7010,1099508,1099509,1818-01-01,1877-12-31,ended
7010,1099510,1099511,1819-01-01,1843-12-31,ended
7010,1099512,1099513,1824-01-01,1861-12-31,ended
7010,1099514,1099515,1820-01-01,1846-12-31,ended
7010,1099516,1099517,1821-01-01,1853-12-31,ended
7010,1099518,1099519,1821-01-01,1832-12-31,ended
7010,1099520,1099521,1818-01-01,1856-12-31,ended
7010,1099522,1099523,1820-01-01,1875-12-31,ended
7010,1099524,1099525,1819-01-01,1885-12-31,ended
7010,1099526,1099527,1818-01-01,1859-12-31,ended
7010,1099528,1099529,1823-01-01,1876-12-31,ended
7010,1099530,1099531,1820-01-01,1847-12-31,ended
7010,1099532,1099533,1818-01-01,1833-12-31,ended
7010,1099534,1099535,1840-01-01,1862-12-31,ended
7010,1099536,1099537,1843-01-01,1888-12-31,ended
7010,1099538,1099539,1839-01-01,1885-12-31,ended
7010,1099540,1099541,1840-01-01,1878-12-31,ended
7010,1099542,1099543,1839-01-01,1881-12-31,ended
7010,1099544,1099545,1844-01-01,1878-12-31,ended
7010,1099546,1099547,1839-01-01,1882-12-31,ended
7010,1099548,1099549,1842-01-01,1909-12-31,ended
7010,1099550,1099551,1840-01-01,1887-12-31,ended
7010,1099552,1099553,1840-01-01,1870-12-31,ended
7010,1099554,1099555,1843-01-01,1864-12-31,ended
7010,1099556,1099557,1841-01-01,1854-12-31,ended
7010,1099558,1099559,1840-01-01,1866-12-31,ended
7010,1099560,1099561,1841-01-01,1855-12-31,ended
7010,1099562,1099563,1842-01-01,1880-12-31,ended
7010,1099564,1099565,1845-01-01,1882-12-31,ended
7010,1099566,1099567,1844-01-01,1859-12-31,ended
7010,1099568,1099569,1844-01-01,1859-12-31,ended
7010,1099570,1099571,1845-01-01,1855-12-31,ended
7010,1099572,1099573,1840-01-01,1896-12-31,ended
7010,1099574,1099575,1843-01-01,1889-12-31,ended
7010,1099576,1099577,1843-01-01,1877-12-31,ended
7010,1099578,1099579,1842-01-01,1880-12-31,ended
7010,1099580,1099581,1839-01-01,1870-12-31,ended
7010,1099582,1099583,1840-01-01,1868-12-31,ended
7010,1099584,1099585,1843-01-01,1884-12-31,ended
7010,1099586,1099587,1842-01-01,1854-12-31,ended
7010,1099588,1099589,1838-01-01,1860-12-31,ended
7010,1099590,1099591,1839-01-01,1867-12-31,ended
7010,1099592,1099593,1839-01-01,1892-12-31,ended
7010,1099594,1099595,1840-01-01,1905-12-31,ended
7010,1099596,1099597,1840-01-01,1882-12-31,ended
7010,1099598,1099599,1841-01-01,1883-12-31,ended
7010,1099600,1099601,1839-01-01,1898-12-31,ended
7010,1099602,1099603,1843-01-01,1896-12-31,ended
7010,1099604,1099605,1843-01-01,1874-12-31,ended
7010,1099606,1099607,1841-01-01,1869-12-31,ended
7010,1099608,1099609,1844-01-01,1865-12-31,ended
7010,1099610,1099611,1845-01-01,1874-12-31,ended
7010,1099612,1099613,1842-01-01,1898-12-31,ended
7010,1099614,1099615,1844-01-01,1877-12-31,ended
7010,1099616,1099617,1839-01-01,1892-12-31,ended
7010,1099618,1099619,1860-01-01,1867-12-31,ended
7010,1099618,1099621,1865-01-01,1867-12-31,ended
7010,1099619,1099692,1861-01-01,1911-12-31,ended
7010,1099620,1099621,1864-01-01,1911-12-31,ended
7010,1099620,1099623,1862-01-01,1911-12-31,ended
7010,1099622,1099623,1865-01-01,1887-12-31,ended
7010,1099622,1099625,1864-01-01,1886-12-31,ended
7010,1099624,1099625,1864-01-01,1886-12-31,ended
7010,1099624,1099627,1863-01-01,1897-12-31,ended
7010,1099626,1099627,1866-01-01,1897-12-31,ended
7010,1099626,1099629,1862-01-01,1915-12-31,ended
7010,1099628,1099629,1863-01-01,1911-12-31,ended
7010,1099628,1099631,1864-01-01,1904-12-31,ended
7010,1099630,1099631,1866-01-01,1897-12-31,ended
7010,1099630,1099633,1863-01-01,1897-12-31,ended
7010,1099632,1099633,1863-01-01,1899-12-31,ended
7010,1099632,1099635,1864-01-01,1922-12-31,ended
7010,1099634,1099635,1863-01-01,1922-12-31,ended
7010,1099634,1099637,1864-01-01,1939-12-31,ended
7010,1099636,1099637,1864-01-01,1910-12-31,ended
7010,1099636,1099639,1864-01-01,1910-12-31,ended
7010,1099638,1099639,1864-01-01,1917-12-31,ended
7010,1099638,1099641,1866-01-01,1917-12-31,ended
7010,1099640,1099641,1864-01-01,1924-12-31,ended
7010,1099640,1099643,1863-01-01,1909-12-31,ended
7010,1099642,1099643,1862-01-01,1897-12-31,ended
7010,1099642,1099645,1864-01-01,1897-12-31,ended
7010,1099644,1099645,1863-01-01,1882-12-31,ended
7010,1099644,1099647,1863-01-01,1882-12-31,ended
7010,1099646,1099647,1859-01-01,1906-12-31,ended
7010,1099646,1099649,1861-01-01,1887-12-31,ended
7010,1099648,1099649,1861-01-01,1887-12-31,ended
7010,1099648,1099651,1861-01-01,1901-12-31,ended
7010,1099650,1099651,1860-01-01,1908-12-31,ended
7010,1099650,1099653,1862-01-01,1904-12-31,ended
7010,1099652,1099653,1863-01-01,1904-12-31,ended
7010,1099652,1099655,1864-01-01,1907-12-31,ended
7010,1099654,1099655,1860-01-01,1891-12-31,ended
7010,1099654,1099657,1864-01-01,1874-12-31,ended
7010,1099656,1099657,1863-01-01,1874-12-31,ended
7010,1099656,1099659,1866-01-01,1909-12-31,ended
7010,1099658,1099659,1861-01-01,1888-12-31,ended
7010,1099658,1099661,1863-01-01,1888-12-31,ended
7010,1099660,1099661,1862-01-01,1887-12-31,ended
7010,1099660,1099663,1862-01-01,1887-12-31,ended
7010,1099662,1099663,1860-01-01,1920-12-31,ended
7010,1099662,1099665,1863-01-01,1920-12-31,ended
7010,1099664,1099665,1860-01-01,1885-12-31,ended
7010,1099664,1099667,1866-01-01,1885-12-31,ended
7010,1099666,1099667,1861-01-01,1920-12-31,ended
7010,1099666,1099669,1866-01-01,1912-12-31,ended
7010,1099668,1099669,1864-01-01,1906-12-31,ended
7010,1099668,1099671,1860-01-01,1897-12-31,ended
7010,1099670,1099671,1865-01-01,1897-12-31,ended
7010,1099670,1099673,1866-01-01,1889-12-31,ended
7010,1099672,1099673,1861-01-01,1889-12-31,ended
7010,1099672,1099675,1860-01-01,1911-12-31,ended
7010,1099674,1099675,1862-01-01,1911-12-31,ended
7010,1099674,1099677,1864-01-01,1910-12-31,ended
7010,1099676,1099677,1862-01-01,1910-12-31,ended
7010,1099678,1099679,1864-01-01,1882-12-31,ended
7010,1099680,1099681,1862-01-01,1917-12-31,ended
7010,1099682,1099683,1861-01-01,1910-12-31,ended
7010,1099684,1099685,1862-01-01,1911-12-31,ended
7010,1099686,1099687,1863-01-01,1891-12-31,ended
7010,1099688,1099689,1860-01-01,1882-12-31,ended
7010,1099690,1099691,1860-01-01,1909-12-31,ended
7010,1099693,1099694,1887-01-01,1907-12-31,ended
7010,1099693,1099696,1882-01-01,1910-12-31,ended
7010,1099694,1099759,1883-01-01,1907-12-31,ended
7010,1099695,1099696,1882-01-01,1952-12-31,ended
7010,1099695,1099698,1885-01-01,1943-12-31,ended
7010,1099697,1099698,1885-01-01,1943-12-31,ended
7010,1099697,1099700,1885-01-01,1927-12-31,ended
7010,1099699,1099700,1881-01-01,1927-12-31,ended
7010,1099699,1099702,1883-01-01,1945-12-31,ended
7010,1099701,1099702,1881-01-01,1950-12-31,ended
7010,1099701,1099704,1883-01-01,1955-12-31,ended
7010,1099703,1099704,1883-01-01,1932-12-31,ended
7010,1099703,1099706,1883-01-01,1906-12-31,ended
7010,1099705,1099706,1881-01-01,1906-12-31,ended
7010,1099705,1099708,1883-01-01,1920-12-31,ended
7010,1099707,1099708,1886-01-01,1912-12-31,ended
7010,1099707,1099710,1881-01-01,1912-12-31,ended
7010,1099709,1099710,1886-01-01,1894-12-31,ended
7010,1099709,1099712,1885-01-01,1894-12-31,ended
7010,1099711,1099712,1884-01-01,1928-12-31,ended
7010,1099711,1099714,1881-01-01,1920-12-31,ended
7010,1099713,1099714,1881-01-01,1920-12-31,ended
7010,1099713,1099716,1883-01-01,1937-12-31,ended
7010,1099715,1099716,1881-01-01,1901-12-31,ended
7010,1099715,1099718,1881-01-01,1901-12-31,ended
7010,1099717,1099718,1881-01-01,1913-12-31,ended
7010,1099717,1099720,1884-01-01,1913-12-31,ended
7010,1099719,1099720,1883-01-01,1931-12-31,ended
7010,1099719,1099722,1883-01-01,1921-12-31,ended
7010,1099721,1099722,1881-01-01,1921-12-31,ended
7010,1099721,1099724,1887-01-01,1909-12-31,ended
7010,1099723,1099724,1883-01-01,1909-12-31,ended
7010,1099723,1099726,1881-01-01,1922-12-31,ended
7010,1099725,1099726,1885-01-01,1922-12-31,ended
7010,1099725,1099728,1883-01-01,1922-12-31,ended
7010,1099727,1099728,1885-01-01,1920-12-31,ended
7010,1099727,1099730,1885-01-01,1920-12-31,ended
7010,1099729,1099730,1881-01-01,1934-12-31,ended
7010,1099729,1099732,1881-01-01,1938-12-31,ended
7010,1099731,1099732,1887-01-01,1946-12-31,ended
7010,1099731,1099734,1887-01-01,1937-12-31,ended
7010,1099733,1099734,1883-01-01,1937-12-31,ended
7010,1099733,1099736,1883-01-01,1917-12-31,ended
7010,1099735,1099736,1881-01-01,1917-12-31,ended
7010,1099735,1099738,1885-01-01,1917-12-31,ended
7010,1099737,1099738,1886-01-01,1949-12-31,ended
7010,1099737,1099740,1883-01-01,1924-12-31,ended
7010,1099739,1099740,1883-01-01,1924-12-31,ended
7010,1099739,1099742,1883-01-01,1933-12-31,ended
7010,1099741,1099742,1885-01-01,1915-12-31,ended
7010,1099741,1099744,1884-01-01,1890-12-31,ended
7010,1099743,1099744,1886-01-01,1890-12-31,ended
7010,1099745,1099746,1884-01-01,1939-12-31,ended
7010,1099747,1099748,1881-01-01,1890-12-31,ended
7010,1099749,1099750,1882-01-01,1900-12-31,ended
7010,1099751,1099752,1881-01-01,1917-12-31,ended
7010,1099753,1099754,1881-01-01,1912-12-31,ended
7010,1099755,1099756,1886-01-01,1909-12-31,ended
7010,1099757,1099758,1886-01-01,1901-12-31,ended
7010,1099760,1099761,1908-01-01,1956-12-31,ended
7010,1099760,1099763,1903-01-01,1903-12-31,ended
7010,1099761,1099818,1904-01-01,1956-12-31,ended
7010,1099762,1099763,1907-01-01,1907-12-31,ended
7010,1099762,1099765,1904-01-01,1926-12-31,ended
7010,1099764,1099765,1902-01-01,1926-12-31,ended
7010,1099764,1099767,1902-01-01,1926-12-31,ended
7010,1099766,1099767,1904-01-01,1926-12-31,ended
7010,1099766,1099769,1904-01-01,1940-12-31,ended
7010,1099768,1099769,1907-01-01,1964-12-31,ended
7010,1099768,1099771,1902-01-01,1922-12-31,ended
7010,1099770,1099771,1902-01-01,1922-12-31,ended
7010,1099770,1099773,1902-01-01,1940-12-31,ended
7010,1099772,1099773,1905-01-01,1919-12-31,ended
7010,1099772,1099775,1902-01-01,1919-12-31,ended
7010,1099774,1099775,1905-01-01,1931-12-31,ended
7010,1099774,1099777,1907-01-01,1960-12-31,ended
7010,1099776,1099777,1902-01-01,1958-12-31,ended
7010,1099776,1099779,1907-01-01,1958-12-31,ended
7010,1099778,1099779,1906-01-01,1958-12-31,ended
7010,1099778,1099781,1902-01-01,1935-12-31,ended
7010,1099780,1099781,1906-01-01,1923-12-31,ended
7010,1099780,1099783,1905-01-01,1923-12-31,ended
7010,1099782,1099783,1902-01-01,1940-12-31,ended
7010,1099782,1099785,1906-01-01,1946-12-31,ended
7010,1099784,1099785,1906-01-01,1946-12-31,ended
7010,1099784,1099787,1907-01-01,1946-12-31,ended
7010,1099786,1099787,1902-01-01,1946-12-31,ended
7010,1099786,1099789,1904-01-01,1935-12-31,ended
7010,1099788,1099789,1904-01-01,1935-12-31,ended
7010,1099788,1099791,1904-01-01,1956-12-31,ended
7010,1099790,1099791,1902-01-01,1956-12-31,ended
7010,1099790,1099793,1902-01-01,1956-12-31,ended
7010,1099792,1099793,1907-01-01,1960-12-31,ended
7010,1099792,1099795,1908-01-01,1908-12-31,ended
7010,1099794,1099795,1902-01-01,1905-12-31,ended
7010,1099794,1099797,1908-01-01,1961-12-31,ended
7010,1099796,1099797,1904-01-01,1942-12-31,ended
7010,1099796,1099799,1904-01-01,1942-12-31,ended
7010,1099798,1099799,1902-01-01,1930-12-31,ended
7010,1099798,1099801,1907-01-01,1930-12-31,ended
7010,1099800,1099801,1906-01-01,1931-12-31,ended
7010,1099800,1099803,1904-01-01,1931-12-31,ended
7010,1099802,1099803,1908-01-01,1960-12-31,ended
7010,1099804,1099805,1904-01-01,1930-12-31,ended
7010,1099806,1099807,1906-01-01,1912-12-31,ended
7010,1099808,1099809,1903-01-01,1938-12-31,ended
7010,1099810,1099811,1904-01-01,1964-12-31,ended
7010,1099812,1099813,1908-01-01,1931-12-31,ended
7010,1099814,1099815,1903-01-01,1952-12-31,ended
7010,1099816,1099817,1902-01-01,1955-12-31,ended
7010,1099819,1099820,1925-01-01,1956-12-31,ended
7010,1099819,1099822,1926-01-01,1975-12-31,ended
7010,1099820,1099869,1927-01-01,1938-12-31,ended
7010,1099821,1099822,1924-01-01,1975-12-31,ended
7010,1099821,1099824,1923-01-01,1976-12-31,ended
7010,1099823,1099824,1926-01-01,1982-12-31,ended
7010,1099823,1099826,1926-01-01,1982-12-31,ended
7010,1099825,1099826,1926-01-01,1982-12-31,ended
7010,1099825,1099828,1923-01-01,1966-12-31,ended
7010,1099827,1099828,1925-01-01,1953-12-31,ended
7010,1099827,1099830,1921-01-01,1948-12-31,ended
7010,1099829,1099830,1923-01-01,1948-12-31,ended
7010,1099829,1099832,1925-01-01,1976-12-31,ended
7010,1099831,1099832,1926-01-01,1976-12-31,ended
7010,1099831,1099834,1927-01-01,1978-12-31,ended
7010,1099833,1099834,1927-01-01,1967-12-31,ended
7010,1099833,1099836,1928-01-01,1933-12-31,ended
7010,1099835,1099836,1927-01-01,1933-12-31,ended
7010,1099835,1099838,1926-01-01,1984-12-31,ended
7010,1099837,1099838,1924-01-01,1984-12-31,ended
7010,1099837,1099840,1924-01-01,1971-12-31,ended
7010,1099839,1099840,1925-01-01,1964-12-31,ended
7010,1099839,1099842,1925-01-01,1964-12-31,ended
7010,1099841,1099842,1925-01-01,1991-12-31,ended
7010,1099841,1099844,1926-01-01,1974-12-31,ended
7010,1099843,1099844,1927-01-01,1974-12-31,ended
7010,1099843,1099846,1925-01-01,1978-12-31,ended
7010,1099845,1099846,1923-01-01,1978-12-31,ended
7010,1099845,1099848,1927-01-01,1980-12-31,ended
7010,1099847,1099848,1926-01-01,1966-12-31,ended
7010,1099847,1099850,1923-01-01,1966-12-31,ended
7010,1099849,1099850,1925-01-01,1986-12-31,ended
7010,1099849,1099852,1927-01-01,1965-12-31,ended
7010,1099851,1099852,1929-01-01,1965-12-31,ended
7010,1099851,1099854,1927-01-01,1953-12-31,ended
7010,1099853,1099854,1927-01-01,1953-12-31,ended
7010,1099855,1099856,1928-01-01,1979-12-31,ended
7010,1099857,1099858,1925-01-01,1937-12-31,ended
7010,1099859,1099860,1925-01-01,1990-12-31,ended
7010,1099861,1099862,1928-01-01,1955-12-31,ended
7010,1099863,1099864,1925-01-01,1963-12-31,ended
7010,1099865,1099866,1929-01-01,1969-12-31,ended
7010,1099867,1099868,1927-01-01,1965-12-31,ended
7010,1099870,1099871,1945-01-01,2003-12-31,ended
7010,1099870,1099873,1946-01-01,1990-12-31,ended
7010,1099871,1099912,1947-01-01,1996-12-31,ended
7010,1099872,1099873,1948-01-01,1990-12-31,ended
7010,1099872,1099875,1946-01-01,1952-12-31,ended
7010,1099874,1099875,1944-01-01,1952-12-31,ended
7010,1099874,1099877,1947-01-01,1994-12-31,ended
7010,1099876,1099877,1947-01-01,1994-12-31,ended
7010,1099876,1099879,1946-01-01,2003-12-31,ended
7010,1099878,1099879,1944-01-01,1966-12-31,ended
7010,1099878,1099881,1946-01-01,1966-12-31,ended
7010,1099880,1099881,1946-01-01,1954-12-31,ended
7010,1099880,1099883,1946-01-01,1954-12-31,ended
7010,1099882,1099883,1948-01-01,2003-12-31,ended
7010,1099882,1099885,1944-01-01,2003-12-31,ended
7010,1099884,1099885,1949-01-01,1981-12-31,ended
7010,1099884,1099887,1947-01-01,1981-12-31,ended
7010,1099886,1099887,1945-01-01,1986-12-31,ended
7010,1099886,1099889,1947-01-01,1995-12-31,ended
7010,1099888,1099889,1946-01-01,1995-12-31,ended
7010,1099888,1099891,1947-01-01,1997-12-31,ended
7010,1099890,1099891,1948-01-01,2000-12-31,ended
7010,1099890,1099893,1944-01-01,1961-12-31,ended
7010,1099892,1099893,1947-01-01,1961-12-31,ended
7010,1099892,1099895,1946-01-01,1994-12-31,ended
7010,1099894,1099895,1946-01-01,2009-12-31,ended
7010,1099896,1099897,1948-01-01,2005-12-31,ended
7010,1099898,1099899,1946-01-01,1978-12-31,ended
7010,1099900,1099901,1949-01-01,1967-12-31,ended
7010,1099902,1099903,1947-01-01,1968-12-31,ended
7010,1099904,1099905,1945-01-01,1987-12-31,ended
7010,1099906,1099907,1946-01-01,1980-12-31,ended
7010,1099908,1099909,1944-01-01,2004-12-31,ended
7010,1099910,1099911,1947-01-01,1981-12-31,ended
7010,1099913,1099914,1969-01-01,2008-12-31,ended
7010,1099915,1099916,1971-01-01,1990-12-31,ended
7010,1099917,1099918,1965-01-01,2010-12-31,ended
7010,1099919,1099920,1968-01-01,1988-12-31,ended
7010,1099921,1099922,1970-01-01,1992-12-31,ended
7010,1099923,1099924,1971-01-01,1996-12-31,ended
7010,1099925,1099926,1967-01-01,,active
7010,1099927,1099928,1966-01-01,1990-12-31,ended
7010,1099929,1099930,1965-01-01,2002-12-31,ended
7010,1099931,1099932,1969-01-01,1994-12-31,ended
7010,1099933,1099934,1965-01-01,2008-12-31,ended
7010,1099935,1099936,1970-01-01,1985-12-31,ended
7010,1099937,1099938,1969-01-01,2014-12-31,ended
7010,1099939,1099940,1969-01-01,2000-12-31,ended
7010,1099941,1099942,1965-01-01,1980-12-31,ended
7010,1099943,1099944,1965-01-01,,active
7010,1099945,1099946,1968-01-01,1969-12-31,ended
7010,1099947,1099948,1987-01-01,2017-12-31,ended
7010,1099949,1099950,1988-01-01,,active
7010,1099951,1099952,1988-01-01,,active
7010,1099953,1099954,1986-01-01,,active
7010,1099955,1099956,1989-01-01,,active
7010,1099957,1099958,1988-01-01,,active
7010,1099959,1099960,1989-01-01,,active
7010,1099961,1099962,1991-01-01,,active
7010,1099963,1099964,1990-01-01,2023-12-31,ended
7010,1099965,1099966,1986-01-01,,active
7010,1099967,1099968,1989-01-01,,active
7010,1099969,1099970,1990-01-01,,active
7010,1099971,1099972,1986-01-01,,active
7010,1099973,1099974,2008-01-01,,active
7010,1099975,1099976,2007-01-01,,active
7010,1099977,1099978,2010-01-01,,active
7010,1099979,1099980,2012-01-01,,active
7010,1099981,1099982,2011-01-01,,active
7010,1099983,1099984,2009-01-01,,active
7010,1099985,1099986,2010-01-01,,active
7010,1099987,1099988,2009-01-01,,active
7010,1099989,1099990,2008-01-01,,active
