tree_id,tree_name,surname,compiled_at,creator_user_id,description
7001,汉朝刘氏,刘,2026-05-13,7000001,Fully synthetic Han-Liu themed tree.
7002,唐朝李氏,李,2026-05-13,7000001,Fully synthetic Tang-Li themed tree.
7003,明朝朱氏,朱,2026-05-13,7000001,Fully synthetic Ming-Zhu themed tree.
7004,吴越钱氏,钱,2026-05-13,7000001,Fully synthetic Wuyue-Qian themed tree.
7005,孔氏,孔,2026-05-13,7000001,Fully synthetic Kong-themed large benchmark tree.
7006,合成陈氏,陈,2026-05-13,7000001,Fully synthetic Chen tree.
7007,合成王氏,王,2026-05-13,7000001,Fully synthetic Wang tree.
7008,合成张氏,张,2026-05-13,7000001,Fully synthetic Zhang tree.
7009,合成林氏,林,2026-05-13,7000001,Fully synthetic Lin tree.
7010,合成赵氏,赵,2026-05-13,7000001,Fully synthetic Zhao tree.
